{
  "ﾏｲｼﾞｬｸﾞﾗｰV": {
    "設定1": 0.006105006105,
    "設定2": 0.006285355123,
    "設定3": 0.006729475101,
    "設定4": 0.007385524372,
    "設定5": 0.007886435331,
    "設定6": 0.00872600349
  },
  "ﾌｧﾝｷｰｼﾞｬｸﾞﾗｰ2KT": {
    "設定1": 0.006027727547,
    "設定2": 0.006317119394,
    "設定3": 0.006635700066,
    "設定4": 0.007112375533,
    "設定5": 0.007507507508,
    "設定6": 0.008361204013
  },
  "SｱｲﾑｼﾞｬｸﾞﾗｰEX": {
    "設定1": 0.005934718101,
    "設定2": 0.006211180124,
    "設定3": 0.006729475101,
    "設定4": 0.007032348805,
    "設定5": 0.007782101167,
    "設定6": 0.007843137255
  },
  "ﾊｯﾋﾟｰｼﾞｬｸﾞﾗｰVIII": {
    "設定1": 0.006180469716,
    "設定2": 0.006455777921,
    "設定3": 0.00680735194,
    "設定4": 0.007262164125,
    "設定5": 0.007843137255,
    "設定6": 0.008333333333
  },
  "ｺﾞｰｺﾞｰｼﾞｬｸﾞﾗｰ3": {
    "設定1": 0.006684491979,
    "設定2": 0.006882312457,
    "設定3": 0.007158196135,
    "設定4": 0.007662835249,
    "設定5": 0.008084074373,
    "設定6": 0.008517887564
  },
  "ｳﾙﾄﾗﾐﾗｸﾙｼﾞｬｸﾞﾗｰ": {
    "設定1": 0.006086427267,
    "設定2": 0.006317119394,
    "設定3": 0.00676132522,
    "設定4": 0.007215007215,
    "設定5": 0.007645259939,
    "設定6": 0.008223684211
  },
  "ﾐｽﾀｰｼﾞｬｸﾞﾗｰ": {},
  "ｼﾞｬｸﾞﾗｰｶﾞｰﾙｽﾞSS": {},
  "LBｴｳﾞｧﾝｹﾞﾘｦﾝ約束の扉": {},
  "LBｱﾚｯｸｽ ﾌﾞﾗｲﾄ": {},
  "LBﾆｭｰﾊﾟﾙｻｰ": {},
  "LB翔べ!ﾊｰﾚﾑｴｰｽ": {},

  "SｱｲﾑｼﾞｬｸﾞﾗｰEX-TP": {},
  "Sｺﾞｰｺﾞｰｼﾞｬｸﾞﾗｰ3KA": {},
  "SﾊｯﾋﾟｰｼﾞｬｸﾞﾗｰV III EA": {},
  "Sﾌｧﾝｷｰｼﾞｬｸﾞﾗｰ2KT": {},
  "SｼﾞｬｸﾞﾗｰｶﾞｰﾙｽﾞSS-KH": {},

  "マイジャグⅤ": {},
  "ジャグラＥＸ－ＴＰ": {},
  "⑤ジャグラＥＸ－ＴＰ": {},
  "ファンキージャグ２": {},
  "ＬＢエヴァ約束の扉": {},
  "ＬニューパルＢＴ": {},
  "Ｌ翔べ！ハーレム": {},
  "Ｌプレミアうまい棒": {},
  "Ｌ１０００ちゃんα": {},
  "ＬＢアレックス": {}
}

