{
  "ﾏｲｼﾞｬｸﾞﾗｰV": {
    "設定1": 0.006105006105,
    "設定2": 0.006285355123,
    "設定3": 0.006729475101,
    "設定4": 0.007385524372,
    "設定5": 0.007886435331,
    "設定6": 0.00872600349
  },
  "ﾌｧﾝｷｰｼﾞｬｸﾞﾗｰ2KT": {
    "設定1": 0.006027727547,
    "設定2": 0.006317119394,
    "設定3": 0.006635700066,
    "設定4": 0.007112375533,
    "設定5": 0.007507507508,
    "設定6": 0.008361204013
  },
  "SｱｲﾑｼﾞｬｸﾞﾗｰEX": {
    "設定1": 0.005934718101,
    "設定2": 0.006211180124,
    "設定3": 0.006729475101,
    "設定4": 0.007032348805,
    "設定5": 0.007782101167,
    "設定6": 0.007843137255
  },
  "ﾊｯﾋﾟｰｼﾞｬｸﾞﾗｰVIII": {
    "設定1": 0.006180469716,
    "設定2": 0.006455777921,
    "設定3": 0.00680735194,
    "設定4": 0.007262164125,
    "設定5": 0.007843137255,
    "設定6": 0.008333333333
  },
  "ｺﾞｰｺﾞｰｼﾞｬｸﾞﾗｰ3": {
    "設定1": 0.006684491979,
    "設定2": 0.006882312457,
    "設定3": 0.007158196135,
    "設定4": 0.007662835249,
    "設定5": 0.008084074373,
    "設定6": 0.008517887564
  },
  "ｳﾙﾄﾗﾐﾗｸﾙｼﾞｬｸﾞﾗｰ": {
    "設定1": 0.006086427267,
    "設定2": 0.006317119394,
    "設定3": 0.00676132522,
    "設定4": 0.007215007215,
    "設定5": 0.007645259939,
    "設定6": 0.008223684211
  },
  "ﾐｽﾀｰｼﾞｬｸﾞﾗｰ": {
    "設定1": 0.006393861893,
    "設定2": 0.00656167979,
    "設定3": 0.006868131868,
    "設定4": 0.007446016381,
    "設定5": 0.008038585209,
    "設定6": 0.008424599832
  },
  "ｼﾞｬｸﾞﾗｰｶﾞｰﾙｽﾞSS": {
    "設定1": 0.006285355123,
    "設定2": 0.006544502618,
    "設定3": 0.00700280112,
    "設定4": 0.007552870091,
    "設定5": 0.007794232268,
    "設定6": 0.008389261745
  },
  "LBｴｳﾞｧﾝｹﾞﾘｦﾝ約束の扉": {
    "設定1": 0.005081300813,
    "設定2": 0.005279831045,
    "設定3": 0.005524861878,
    "設定4": 0.005858230814,
    "設定5": 0.006195786865,
    "設定6": 0.006622516556
  },
  "LBｱﾚｯｸｽ ﾌﾞﾗｲﾄ": {
    "設定1": 0.005567928731,
    "設定2": 0.005737234653,
    "設定5": 0.00611995104,
    "設定6": 0.006684491979
  },
  "LBﾆｭｰﾊﾟﾙｻｰ": {
    "設定1": 0.00546149645,
    "設定2": 0.005767012687,
    "設定5": 0.006013229104,
    "設定6": 0.00641025641
  },
  "LB翔べ!ﾊｰﾚﾑｴｰｽ": {
    "設定1": 0.00427167877,
    "設定2": 0.004531037608,
    "設定5": 0.005356186395,
    "設定6": 0.006301197227
  },

  "SｱｲﾑｼﾞｬｸﾞﾗｰEX-TP": {
    "設定1": 0.005934718101,
    "設定2": 0.006211180124,
    "設定3": 0.006729475101,
    "設定4": 0.007032348805,
    "設定5": 0.007782101167,
    "設定6": 0.007843137255
  },
  "Sｺﾞｰｺﾞｰｼﾞｬｸﾞﾗｰ3KA": {
    "設定1": 0.006684491979,
    "設定2": 0.006882312457,
    "設定3": 0.007158196135,
    "設定4": 0.007662835249,
    "設定5": 0.008084074373,
    "設定6": 0.008517887564
  },
  "SﾊｯﾋﾟｰｼﾞｬｸﾞﾗｰV III EA": {
    "設定1": 0.006180469716,
    "設定2": 0.006455777921,
    "設定3": 0.00680735194,
    "設定4": 0.007262164125,
    "設定5": 0.007843137255,
    "設定6": 0.008333333333
  },
  "Sﾌｧﾝｷｰｼﾞｬｸﾞﾗｰ2KT": {
    "設定1": 0.006027727547,
    "設定2": 0.006317119394,
    "設定3": 0.006635700066,
    "設定4": 0.007112375533,
    "設定5": 0.007507507508,
    "設定6": 0.008361204013
  },
  "SｼﾞｬｸﾞﾗｰｶﾞｰﾙｽﾞSS-KH": {
    "設定1": 0.006285355123,
    "設定2": 0.006544502618,
    "設定3": 0.00700280112,
    "設定4": 0.007552870091,
    "設定5": 0.007794232268,
    "設定6": 0.008389261745
  },

  "マイジャグⅤ": {
    "設定1": 0.006105006105,
    "設定2": 0.006285355123,
    "設定3": 0.006729475101,
    "設定4": 0.007385524372,
    "設定5": 0.007886435331,
    "設定6": 0.00872600349
  },
  "ジャグラＥＸ－ＴＰ": {
    "設定1": 0.005934718101,
    "設定2": 0.006211180124,
    "設定3": 0.006729475101,
    "設定4": 0.007032348805,
    "設定5": 0.007782101167,
    "設定6": 0.007843137255
  },
  "⑤ジャグラＥＸ－ＴＰ": {
    "設定1": 0.005934718101,
    "設定2": 0.006211180124,
    "設定3": 0.006729475101,
    "設定4": 0.007032348805,
    "設定5": 0.007782101167,
    "設定6": 0.007843137255
  },
  "ファンキージャグ２": {
    "設定1": 0.006027727547,
    "設定2": 0.006317119394,
    "設定3": 0.006635700066,
    "設定4": 0.007112375533,
    "設定5": 0.007507507508,
    "設定6": 0.008361204013
  },
  "ＬＢエヴァ約束の扉": {
    "設定1": 0.005081300813,
    "設定2": 0.005279831045,
    "設定3": 0.005524861878,
    "設定4": 0.005858230814,
    "設定5": 0.006195786865,
    "設定6": 0.006622516556
  },
  "ＬニューパルＢＴ": {
    "設定1": 0.00546149645,
    "設定2": 0.005767012687,
    "設定5": 0.006013229104,
    "設定6": 0.00641025641
  },
  "Ｌ翔べ！ハーレム": {
    "設定1": 0.00427167877,
    "設定2": 0.004531037608,
    "設定5": 0.005356186395,
    "設定6": 0.006301197227
  },
  "Ｌプレミアうまい棒": {
    "設定1": 0.00546149645,
    "設定2": 0.005567928731,
    "設定5": 0.006361323155,
    "設定6": 0.006868131868
  },
  "Ｌ１０００ちゃんα": {
  "設定1": 0.005952380952,
  "設定2": 0.006180469716,
  "設定5": 0.006775067751,
  "設定6": 0.00723065799,
  "H":    0.001602050625
  },
  "ＬＢアレックス": {
    "設定1": 0.005567928731,
    "設定2": 0.005737234653,
    "設定5": 0.00611995104,
    "設定6": 0.006684491979
  }
}

